
INSERT INTO `crossreference` (`id`, `characterCode`, `commodity`, `commodityProduct`, `ingredient`, `ingredientGroup`, `numericCode`) VALUES
(1, 'CG', 'Cereal grains', '0', 'ธัญพืช', '01', '010xxx'),
(2, 'CP', 'Cereal products', '9', 'ผลิตภัณฑ์จากธัญพืช', '01', '019xxx'),
(3, 'RT', 'Root and tuber', '0', 'พืชหัว', '02', '020xxx'),
(4, 'RP', 'Root and tuber products', '9', 'ผลิตภัณฑ์จากพืชหัว', '02', '029xxx'),
(5, 'BL', 'Dried bean, legume', '0', 'ถั่วเมล็ดแห้ง', '03', '030xxx'),
(6, 'BP', 'Bean and legume products', '9', 'ผลิตภัณฑ์จากถั่วเมล็ดแห้ง', '03', '039xxx'),
(7, 'SV', 'Seed vegetables', '0', 'เมล็ดพืช', '04', '040xxx'),
(8, 'SP', 'Seed products', '9', 'ผลิตภัณฑ์จากเมล็ดพืช', '04', '049xxx'),
(9, 'OS', 'Oilseeds', '0', 'เมล็ดพืชที่สร้างน้ำมันได้', '05', '050xxx'),
(10, 'OP', 'Oilseed products', '9', 'ผลิตภัณฑ์จากเมล็ดพืชที่สร้างน้ำมันได้', '05', '059xxx'),
(11, 'VB', 'Bulb vegetables', '0', 'ผัก หัว เช่น หัวหอม กระเทียม', '06', '0601xx'),
(12, 'VC', 'Flower vegetables', '0', 'ผักกินดอก', '06', '0602xx'),
(13, 'VF', 'Fruiting vegetables', '0', 'ผัก ผล', '06', '0603xx'),
(14, 'VM', 'Mushroom', '0', 'ผัก เห็ด', '06', '0604xx'),
(15, 'VL', 'Leafy vegetables', '0', 'ผัก ใบ', '06', '0605xx'),
(16, 'VS', 'Stalk and stem vegetables', '0', 'ผัก ลำต้น', '06', '0606xx'),
(17, 'VT', 'Sprout vegetables', '0', 'ผักที่ได้จากพืชที่งอก', '06', '0607xx'),
(18, 'VW', 'Seaweed and freshwater- weed', '0', 'สาหร่ายทะเล สาหร่ายน้ำจืด', '06', '0608xx'),
(19, 'VP', 'Vegetable products', '9', 'ผลิตภัณฑ์จากผัก', '06', '069xxx'),
(20, 'FF', 'Fruits', '0', 'ผลไม้', '07', '070xxx'),
(21, 'FP', 'Fruit products', '9', 'ผลิตภัณฑ์จากผลไม้ ผลไม้แปรรูป', '07', '079xxx'),
(22, 'TN', 'Tree nut', '0', 'ผลไม้จำพวกเปลือกแข็ง', '08', '080xxx'),
(23, 'TP', 'Tree nut products', '9', 'ผลิตภัณฑ์จากผลไม้เปลือกแข็ง', '08', '089xxx'),
(24, 'MM', 'Meat', '0', 'เนื้อสัตว์', '09', '090xxx'),
(25, 'MP', 'Meat products', '9', 'ผลิตภัณฑ์จากเนื้อสัตว์', '09', '099xxx'),
(26, 'PM', 'Poultry meat', '0', 'เนื้อสัตว์ปีก', '10', '100xxx'),
(27, 'PP', 'Poultry products', '9', 'ผลิตภัณฑ์จากเนื้อสัตว์ปีก', '10', '109xxx'),
(28, 'IN', 'Insect', '0', 'แมลง', '11', '110xxx'),
(29, 'WF', 'Freshwater aquatic animal', '0', 'สัตว์น้ำจืด', '12', '120xxx'),
(30, 'WP', 'Freshwater aquatic animal products', '9', 'ผลิตภัณฑ์จากสัตว์น้ำจืด', '12', '129xxx'),
(31, 'WS', 'Marine aquatic animal', '0', 'สัตว์น้ำเค็ม', '13', '130xxx'),
(32, 'AP', 'Marine aquatic animal products', '9', 'ผลิตภัณฑ์จากสัตว์น้ำเค็ม', '13', '139xxx'),
(33, 'PE', 'Poultry eggs', '0', 'ไข่', '14', '140xxx'),
(34, 'EP', 'Egg products', '9', 'ผลิตภัณฑ์จากไข่', '14', '149xxx'),
(35, 'DM', 'Milks/ Dairy', '0', 'นม', '15', '150xxx'),
(36, 'DP', 'Dairy products', '9', 'ผลิตภัณฑ์จากนม', '15', '159xxx'),
(37, 'OE', 'Edible oils and fats', '0', 'น้ำมัน ไขมัน', '16', '160xxx'),
(38, 'SH', 'Spices and herbs ', '0', 'เครื่องเทศ สมุนไพร', '17', '170xxx'),
(39, 'SC', 'Seasoning and condiments', '0', 'เครื่องปรุงรส', '18', '180xxx'),
(40, 'AL', 'Alcoholic/ liquor', '0', 'เครื่องดื่มที่มีอัลกอฮอล์', '19', '190xxx'),
(41, 'GS', 'Grasses for sugar or syrup production', '0', 'อ้อย พืชที่ใช้ผลิตน้ำตาล', '20', '200xxx'),
(42, 'GP', 'Grasses for sugar or syrup production products', '9', 'ผลิตภัณฑ์จากอ้อยหรือจากพืชที่ผลิตน้ำตาล', '20', '209xxx'),
(43, 'DT', 'Teas', '0', 'ชา (ใบ ยอด)', '21', '210xxx'),
(44, 'WA', 'Water', '0', 'น้ำ', '00', '0');
-- ingredient

INSERT INTO `reference` (`id`, `createDate`, `createdBy`, `reference`, `updatedBy`, `updatedDate`) VALUES 
(NULL, NOW(), 'System', 'สำนักงาน1', NULL, NULL),
(NULL, NOW(), 'System', 'สำนักงาน1', NULL, NULL),
(NULL, NOW(), 'System', 'IN,MU (2015)', NULL, NULL);

INSERT INTO `unit` (`id`, `createDate`, `createdBy`, `updatedBy`, `updatedDate`) VALUES 
(NULL, NOW(), 'System', NULL, NULL);

SELECT LAST_INSERT_ID() INTO @unit;

INSERT INTO `unitlanguages` (`id`, `createDate`, `createdBy`, `locale`, `unitName`, `updatedBy`, `updatedDate`, `unitId`) VALUES 
(NULL, NOW(), 'System', 'TH', '(กรัม/คน/วัน)', NULL, NULL, @unit);
-- 
INSERT INTO `unit` (`id`, `createDate`, `createdBy`, `updatedBy`, `updatedDate`) VALUES 
(NULL, NOW(), 'System', NULL, NULL);

SELECT LAST_INSERT_ID() INTO @unit;

INSERT INTO `unitlanguages` (`id`, `createDate`, `createdBy`, `locale`, `unitName`, `updatedBy`, `updatedDate`, `unitId`) VALUES 
(NULL, NOW(), 'System', 'TH', '(กรัม/คนที่บริโภค/วัน)', NULL, NULL, @unit);

-- 1
INSERT INTO `ingredient` (`id`, `ingredientCode`, `createDate`, `createdBy`, `updatedBy`, `updatedDate`) VALUES 
(NULL, 'AP 139002', NOW(), 'System', NULL, NULL);

SELECT LAST_INSERT_ID() INTO @ingredient;

INSERT INTO `ingredientlanguages` (`id`, `createDate`, `createdBy`, `ingredientName`, `locale`, `updatedBy`, `updatedDate`, `ingredientId`) 
VALUES (NULL, NOW(), 'System', 'ปลากรอบ', 'TH', NULL, NULL, @ingredient);

INSERT INTO `ingredientlanguages` (`id`, `createDate`, `createdBy`, `ingredientName`, `locale`, `updatedBy`, `updatedDate`, `ingredientId`) 
VALUES (NULL, NOW(), 'System', 'Sheatfish dried, crispy', 'EN', NULL, NULL, @ingredient);
-- 2
INSERT INTO `ingredient` (`id`, `ingredientCode`, `createDate`, `createdBy`, `updatedBy`, `updatedDate`) VALUES 
(NULL, 'BL 030001', NOW(), 'System', NULL, NULL);

SELECT LAST_INSERT_ID() INTO @ingredient;

INSERT INTO `ingredientlanguages` (`id`, `createDate`, `createdBy`, `ingredientName`, `locale`, `updatedBy`, `updatedDate`, `ingredientId`) 
VALUES (NULL, NOW(), 'System', 'ถั่วเขียว', 'TH', NULL, NULL, @ingredient);

INSERT INTO `ingredientlanguages` (`id`, `createDate`, `createdBy`, `ingredientName`, `locale`, `updatedBy`, `updatedDate`, `ingredientId`) 
VALUES (NULL, NOW(), 'System', 'Mungbean', 'EN', NULL, NULL, @ingredient);
-- 3
INSERT INTO `ingredient` (`id`, `ingredientCode`, `createDate`, `createdBy`, `updatedBy`, `updatedDate`) VALUES 
(NULL, 'BL 030002', NOW(), 'System', NULL, NULL);

SELECT LAST_INSERT_ID() INTO @ingredient;

INSERT INTO `ingredientlanguages` (`id`, `createDate`, `createdBy`, `ingredientName`, `locale`, `updatedBy`, `updatedDate`, `ingredientId`) 
VALUES (NULL, NOW(), 'System', 'ถั่วลันเตา', 'TH', NULL, NULL, @ingredient);

INSERT INTO `ingredientlanguages` (`id`, `createDate`, `createdBy`, `ingredientName`, `locale`, `updatedBy`, `updatedDate`, `ingredientId`) 
VALUES (NULL, NOW(), 'System', 'Garden pea, seeds, dried', 'EN', NULL, NULL, @ingredient);
-- 4
INSERT INTO `ingredient` (`id`, `ingredientCode`, `createDate`, `createdBy`, `updatedBy`, `updatedDate`) VALUES 
(NULL, 'CG 010001', NOW(), 'System', NULL, NULL);

SELECT LAST_INSERT_ID() INTO @ingredient;

INSERT INTO `ingredientlanguages` (`id`, `createDate`, `createdBy`, `ingredientName`, `locale`, `updatedBy`, `updatedDate`, `ingredientId`) 
VALUES (NULL, NOW(), 'System', 'ข้าวเจ้า', 'TH', NULL, NULL, @ingredient);

INSERT INTO `ingredientlanguages` (`id`, `createDate`, `createdBy`, `ingredientName`, `locale`, `updatedBy`, `updatedDate`, `ingredientId`) 
VALUES (NULL, NOW(), 'System', 'Rice, polished, raw; Rice, broken, raw', 'EN', NULL, NULL, @ingredient);
-- 5
INSERT INTO `ingredient` (`id`, `ingredientCode`, `createDate`, `createdBy`, `updatedBy`, `updatedDate`) VALUES 
(NULL, 'CG 010003', NOW(), 'System', NULL, NULL);

SELECT LAST_INSERT_ID() INTO @ingredient;

INSERT INTO `ingredientlanguages` (`id`, `createDate`, `createdBy`, `ingredientName`, `locale`, `updatedBy`, `updatedDate`, `ingredientId`) 
VALUES (NULL, NOW(), 'System', 'ข้าวเหนียว', 'TH', NULL, NULL, @ingredient);

INSERT INTO `ingredientlanguages` (`id`, `createDate`, `createdBy`, `ingredientName`, `locale`, `updatedBy`, `updatedDate`, `ingredientId`) 
VALUES (NULL, NOW(), 'System', 'Rice, glutinous; Rice flakes', 'EN', NULL, NULL, @ingredient);
-- 6
INSERT INTO `ingredient` (`id`, `ingredientCode`, `createDate`, `createdBy`, `updatedBy`, `updatedDate`) VALUES 
(NULL, 'WA 000000', NOW(), 'System', NULL, NULL);

SELECT LAST_INSERT_ID() INTO @ingredient;

INSERT INTO `ingredientlanguages` (`id`, `createDate`, `createdBy`, `ingredientName`, `locale`, `updatedBy`, `updatedDate`, `ingredientId`) 
VALUES (NULL, NOW(), 'System', 'น้ำ', 'TH', NULL, NULL, @ingredient);

INSERT INTO `ingredientlanguages` (`id`, `createDate`, `createdBy`, `ingredientName`, `locale`, `updatedBy`, `updatedDate`, `ingredientId`) 
VALUES (NULL, NOW(), 'System', 'Water', 'EN', NULL, NULL, @ingredient);
-- 7
INSERT INTO `ingredient` (`id`, `ingredientCode`, `createDate`, `createdBy`, `updatedBy`, `updatedDate`) VALUES 
(NULL, 'VB 060102', NOW(), 'System', NULL, NULL);

SELECT LAST_INSERT_ID() INTO @ingredient;

INSERT INTO `ingredientlanguages` (`id`, `createDate`, `createdBy`, `ingredientName`, `locale`, `updatedBy`, `updatedDate`, `ingredientId`) 
VALUES (NULL, NOW(), 'System', 'หอมแดง', 'TH', NULL, NULL, @ingredient);

INSERT INTO `ingredientlanguages` (`id`, `createDate`, `createdBy`, `ingredientName`, `locale`, `updatedBy`, `updatedDate`, `ingredientId`) 
VALUES (NULL, NOW(), 'System', 'Shallot, bulbs', 'EN', NULL, NULL, @ingredient);
-- ingredient

-- rawMaterial
-- 1
INSERT INTO `rawmaterial` (`id`, `createDate`, `createdBy`, `rawMaterialCode`, `updatedBy`, `updatedDate`) VALUES 
(NULL, NOW(), 'System', 'BL 030001', NULL, NULL);

SELECT LAST_INSERT_ID() INTO @rawmaterial;

INSERT INTO `rawmateriallanguages` (`id`, `createDate`, `createdBy`, `locale`, `rawMaterialName`, `updatedBy`, `updatedDate`, `rawMaterialId`) VALUES 
(NULL, NOW(), 'System', 'TH', 'ถั่วเขียว', NULL, NULL, @rawmaterial);

INSERT INTO `rawmateriallanguages` (`id`, `createDate`, `createdBy`, `locale`, `rawMaterialName`, `updatedBy`, `updatedDate`, `rawMaterialId`) VALUES 
(NULL, NOW(), 'System', 'EN', 'Mungbean', NULL, NULL, @rawmaterial);
-- 2
INSERT INTO `rawmaterial` (`id`, `createDate`, `createdBy`, `rawMaterialCode`, `updatedBy`, `updatedDate`) VALUES 
(NULL, NOW(), 'System', 'BL 030002', NULL, NULL);

SELECT LAST_INSERT_ID() INTO @rawmaterial;

INSERT INTO `rawmateriallanguages` (`id`, `createDate`, `createdBy`, `locale`, `rawMaterialName`, `updatedBy`, `updatedDate`, `rawMaterialId`) VALUES 
(NULL, NOW(), 'System', 'TH', 'ถั่วลันเตา', NULL, NULL, @rawmaterial);

INSERT INTO `rawmateriallanguages` (`id`, `createDate`, `createdBy`, `locale`, `rawMaterialName`, `updatedBy`, `updatedDate`, `rawMaterialId`) VALUES 
(NULL, NOW(), 'System', 'EN', 'Garden pea, seeds, dried', NULL, NULL, @rawmaterial);
-- 3
INSERT INTO `rawmaterial` (`id`, `createDate`, `createdBy`, `rawMaterialCode`, `updatedBy`, `updatedDate`) VALUES 
(NULL, NOW(), 'System', 'CG 010001', NULL, NULL);

SELECT LAST_INSERT_ID() INTO @rawmaterial;

INSERT INTO `rawmateriallanguages` (`id`, `createDate`, `createdBy`, `locale`, `rawMaterialName`, `updatedBy`, `updatedDate`, `rawMaterialId`) VALUES 
(NULL, NOW(), 'System', 'TH', 'ข้าวเจ้า', NULL, NULL, @rawmaterial);

INSERT INTO `rawmateriallanguages` (`id`, `createDate`, `createdBy`, `locale`, `rawMaterialName`, `updatedBy`, `updatedDate`, `rawMaterialId`) VALUES 
(NULL, NOW(), 'System', 'EN', 'Rice, polished, raw Rice, broken, raw', NULL, NULL, @rawmaterial);
-- 4
INSERT INTO `rawmaterial` (`id`, `createDate`, `createdBy`, `rawMaterialCode`, `updatedBy`, `updatedDate`) VALUES 
(NULL, NOW(), 'System', 'CG 010003', NULL, NULL);

SELECT LAST_INSERT_ID() INTO @rawmaterial;

INSERT INTO `rawmateriallanguages` (`id`, `createDate`, `createdBy`, `locale`, `rawMaterialName`, `updatedBy`, `updatedDate`, `rawMaterialId`) VALUES 
(NULL, NOW(), 'System', 'TH', 'ข้าวเหนียว', NULL, NULL, @rawmaterial);

INSERT INTO `rawmateriallanguages` (`id`, `createDate`, `createdBy`, `locale`, `rawMaterialName`, `updatedBy`, `updatedDate`, `rawMaterialId`) VALUES 
(NULL, NOW(), 'System', 'EN', 'Rice, glutinous; Rice flakes', NULL, NULL, @rawmaterial);
-- 5
INSERT INTO `rawmaterial` (`id`, `createDate`, `createdBy`, `rawMaterialCode`, `updatedBy`, `updatedDate`) VALUES 
(NULL, NOW(), 'System', 'DP 159001', NULL, NULL);

SELECT LAST_INSERT_ID() INTO @rawmaterial;

INSERT INTO `rawmateriallanguages` (`id`, `createDate`, `createdBy`, `locale`, `rawMaterialName`, `updatedBy`, `updatedDate`, `rawMaterialId`) VALUES 
(NULL, NOW(), 'System', 'TH', 'นมสด', NULL, NULL, @rawmaterial);

INSERT INTO `rawmateriallanguages` (`id`, `createDate`, `createdBy`, `locale`, `rawMaterialName`, `updatedBy`, `updatedDate`, `rawMaterialId`) VALUES 
(NULL, NOW(), 'System', 'EN', 'Fresh milk', NULL, NULL, @rawmaterial);
-- 6
INSERT INTO `rawmaterial` (`id`, `createDate`, `createdBy`, `rawMaterialCode`, `updatedBy`, `updatedDate`) VALUES 
(NULL, NOW(), 'System', 'CG 010006', NULL, NULL);

SELECT LAST_INSERT_ID() INTO @rawmaterial;

INSERT INTO `rawmateriallanguages` (`id`, `createDate`, `createdBy`, `locale`, `rawMaterialName`, `updatedBy`, `updatedDate`, `rawMaterialId`) VALUES 
(NULL, NOW(), 'System', 'TH', 'ข้าวโพด', NULL, NULL, @rawmaterial);

INSERT INTO `rawmateriallanguages` (`id`, `createDate`, `createdBy`, `locale`, `rawMaterialName`, `updatedBy`, `updatedDate`, `rawMaterialId`) VALUES 
(NULL, NOW(), 'System', 'EN', 'Corn, whole-kernel, white, raw', NULL, NULL, @rawmaterial);
-- 7
INSERT INTO `rawmaterial` (`id`, `createDate`, `createdBy`, `rawMaterialCode`, `updatedBy`, `updatedDate`) VALUES 
(NULL, NOW(), 'System', 'WA 000000', NULL, NULL);

SELECT LAST_INSERT_ID() INTO @rawmaterial;

INSERT INTO `rawmateriallanguages` (`id`, `createDate`, `createdBy`, `locale`, `rawMaterialName`, `updatedBy`, `updatedDate`, `rawMaterialId`) VALUES 
(NULL, NOW(), 'System', 'TH', 'น้ำ', NULL, NULL, @rawmaterial);

INSERT INTO `rawmateriallanguages` (`id`, `createDate`, `createdBy`, `locale`, `rawMaterialName`, `updatedBy`, `updatedDate`, `rawMaterialId`) VALUES 
(NULL, NOW(), 'System', 'EN', 'Water', NULL, NULL, @rawmaterial);
-- rawMaterial
-- foodCategory
-- 1
INSERT INTO `foodcategory` (`id`, `createDate`, `createdBy`, `parent`, `templateCode`, `updatedBy`, `updatedDate`, `unitId`, `seq`) VALUES 
(1, NOW(), 'System', 0, '01XX', NULL, NULL, NULL, '1');

INSERT INTO `foodcategorylanguages` (`id`, `createDate`, `createdBy`, `foodCategoryName`, `locale`, `updatedBy`, `updatedDate`, `foodCategoryId`) VALUES 
(NULL, NOW(), 'System', 'ธัญพืชและผลิตภัณฑ์', 'TH', NULL, NULL, 1);
-- 2
INSERT INTO `foodcategory` (`id`, `createDate`, `createdBy`, `parent`, `templateCode`, `updatedBy`, `updatedDate`, `unitId`, `seq`) VALUES
(2, NOW(), 'System', 0, '02XX', NULL, NULL, NULL, '2');

INSERT INTO `foodcategorylanguages` (`id`, `createDate`, `createdBy`, `foodCategoryName`, `locale`, `updatedBy`, `updatedDate`, `foodCategoryId`) VALUES 
(NULL, NOW(), 'System', 'พืชหัวและผลิตภัณฑ์', 'TH', NULL, NULL, 2);
-- 3
INSERT INTO `foodcategory` (`id`, `createDate`, `createdBy`, `parent`, `templateCode`, `updatedBy`, `updatedDate`, `unitId`, `seq`) VALUES
(3, NOW(), 'System', 0, '03XX', NULL, NULL, NULL, '3');

INSERT INTO `foodcategorylanguages` (`id`, `createDate`, `createdBy`, `foodCategoryName`, `locale`, `updatedBy`, `updatedDate`, `foodCategoryId`) VALUES 
(NULL, NOW(), 'System', 'ถั่วเมล็ดแห้ง เมล็ดพืช ผลิตภัณฑ์', 'TH', NULL, NULL, 3);
-- 4
INSERT INTO `foodcategory` (`id`, `createDate`, `createdBy`, `parent`, `templateCode`, `updatedBy`, `updatedDate`, `unitId`, `seq`) VALUES
(4, NOW(), 'System', 0, '04XX', NULL, NULL, NULL, '4');

INSERT INTO `foodcategorylanguages` (`id`, `createDate`, `createdBy`, `foodCategoryName`, `locale`, `updatedBy`, `updatedDate`, `foodCategoryId`) VALUES 
(NULL, NOW(), 'System', 'ผัก', 'TH', NULL, NULL, 4);
-- 4.1
INSERT INTO `foodcategory` (`id`, `createDate`, `createdBy`, `parent`, `templateCode`, `updatedBy`, `updatedDate`, `unitId`, `seq`) VALUES
(5, NOW(), 'System', 4, '04XX', NULL, NULL, NULL, '4.1');

INSERT INTO `foodcategorylanguages` (`id`, `createDate`, `createdBy`, `foodCategoryName`, `locale`, `updatedBy`, `updatedDate`, `foodCategoryId`) VALUES 
(NULL, NOW(), 'System', 'หัวหอม กระเทียม', 'TH', NULL, NULL, 5);
-- 4.2
INSERT INTO `foodcategory` (`id`, `createDate`, `createdBy`, `parent`, `templateCode`, `updatedBy`, `updatedDate`, `unitId`, `seq`) VALUES
(6, NOW(), 'System', 4, '04XX', NULL, NULL, NULL, '4.2');

INSERT INTO `foodcategorylanguages` (`id`, `createDate`, `createdBy`, `foodCategoryName`, `locale`, `updatedBy`, `updatedDate`, `foodCategoryId`) VALUES 
(NULL, NOW(), 'System', 'หัวกะหล่ำ  Brassica', 'TH', NULL, NULL, 6);
-- 4.3
INSERT INTO `foodcategory` (`id`, `createDate`, `createdBy`, `parent`, `templateCode`, `updatedBy`, `updatedDate`, `unitId`, `seq`) VALUES
(7, NOW(), 'System', 4, '04XX', NULL, NULL, NULL, '4.3');

INSERT INTO `foodcategorylanguages` (`id`, `createDate`, `createdBy`, `foodCategoryName`, `locale`, `updatedBy`, `updatedDate`, `foodCategoryId`) VALUES 
(NULL, NOW(), 'System', 'ผัก ผล', 'TH', NULL, NULL, 7);
-- 4.3.1
INSERT INTO `foodcategory` (`id`, `createDate`, `createdBy`, `parent`, `templateCode`, `updatedBy`, `updatedDate`, `unitId`, `seq`) VALUES
(8, NOW(), 'System', 7, '04XX', NULL, NULL, NULL, '4.3.1');

INSERT INTO `foodcategorylanguages` (`id`, `createDate`, `createdBy`, `foodCategoryName`, `locale`, `updatedBy`, `updatedDate`, `foodCategoryId`) VALUES 
(NULL, NOW(), 'System', 'ผักผล  แตง/ ฟัก', 'TH', NULL, NULL, 8);
-- 4.3.2
INSERT INTO `foodcategory` (`id`, `createDate`, `createdBy`, `parent`, `templateCode`, `updatedBy`, `updatedDate`, `unitId`, `seq`) VALUES
(9, NOW(), 'System', 7, '04XX', NULL, NULL, NULL, '4.3.2');

INSERT INTO `foodcategorylanguages` (`id`, `createDate`, `createdBy`, `foodCategoryName`, `locale`, `updatedBy`, `updatedDate`, `foodCategoryId`) VALUES 
(NULL, NOW(), 'System', 'เห็ด', 'TH', NULL, NULL, 9);
-- 4.4
INSERT INTO `foodcategory` (`id`, `createDate`, `createdBy`, `parent`, `templateCode`, `updatedBy`, `updatedDate`, `unitId`, `seq`) VALUES
(10, NOW(), 'System', 4, '04XX', NULL, NULL, NULL, '4.4');

INSERT INTO `foodcategorylanguages` (`id`, `createDate`, `createdBy`, `foodCategoryName`, `locale`, `updatedBy`, `updatedDate`, `foodCategoryId`) VALUES 
(NULL, NOW(), 'System', 'ยอดผัก', 'TH', NULL, NULL, 10);
-- 5
INSERT INTO `foodcategory` (`id`, `createDate`, `createdBy`, `parent`, `templateCode`, `updatedBy`, `updatedDate`, `unitId`, `seq`) VALUES
(11, NOW(), 'System', 0, '05XX', NULL, NULL, 1, '5');

INSERT INTO `foodcategorylanguages` (`id`, `createDate`, `createdBy`, `foodCategoryName`, `locale`, `updatedBy`, `updatedDate`, `foodCategoryId`) VALUES 
(NULL, NOW(), 'System', 'ผลไม้ : ตลอดปี', 'TH', NULL, NULL, 11);
-- foodCategory
-- foodtype
INSERT INTO `foodtype` (`id`, `createDate`, `createdBy`, `foodTypeName`, `updatedBy`, `updatedDate`) VALUES 
(NULL, NOW(), 'System', 'สุก', NULL, NULL),
(NULL, NOW(), 'System', 'ดิบ', NULL, NULL);
-- foodkind
INSERT INTO `foodkind` (`id`, `createDate`, `createdBy`, `foodKindName`, `updatedBy`, `updatedDate`) VALUES 
(NULL, NOW(), 'System', 'fresh', NULL, NULL);
-- referencetype
INSERT INTO `referencetype` (`id`, `createDate`, `createdBy`, `referenceName`, `updatedBy`, `updatedDate`) VALUES 
(NULL, NOW(), 'System', 'finish', NULL, NULL);
-- food
INSERT INTO `food` (`id`, `bothRatio`, `createDate`, `createdBy`, `femaleRatio`, `in3yearDown`, `in3yearUp`, `foodCode`, 
	`interFoodCode`, `maleRatio`, `referenceId`, `remark`, `updatedBy`, `updatedDate`, `foodCategoryId`, `foodKindId`, `foodTypeId`, `referenceTypeId`,
	`imageUrl`, `factorCookRaw`, `factorFreshDried`, `ingfraction`) VALUES 
(NULL, 95.8, NOW(), 'System', 96.8, '1', '0', '0101', '0101X', 96.6, 1, '', NULL, NULL, 1, 1, 1, 1, '/foodsci/resources/assets/img/food/0101.jpg', 0.3796, 1, 1),
(NULL, 61, NOW(), 'System', 61.4, '1', '0', '0401', '0401X', 61.8, 2, '', NULL, NULL, 5, 1, 2, 1, '/foodsci/resources/assets/img/food/0401.jpg', 1, 1.085, 1),
(NULL, 31, NOW(), 'System', 41.4, '1', '0', '0112', '0112X', 21.8, 2, '', NULL, NULL, 1, 1, 1, 1, '/foodsci/resources/assets/img/food/0112.jpg', 1, 1.085, 1),
(NULL, 21, NOW(), 'System', 51.4, '1', '0', '0103', '0103X', 11.8, 2, '', NULL, NULL, 1, 1, 1, 1, '/foodsci/resources/assets/img/food/0103.jpg', 1.065, 1.085, 1),
(NULL, 11, NOW(), 'System', 71.4, '1', '0', '0104', '0104X', 31.8, 2, '', NULL, NULL, 1, 1, 1, 1, '/foodsci/resources/assets/img/food/0104.jpg', 1, 1, 1);

INSERT INTO foodlanguages
(id, createDate, createdBy, foodName, locale, updatedBy, updatedDate, foodId) VALUES
(NULL, NOW(), 'System', 'ข้าวเจ้า (ข้าวเจ้ากล้อง)', 'TH', NULL, NULL, 1),
(NULL, NOW(), 'System', 'หอมแดง', 'TH', NULL, NULL, 2),
(NULL, NOW(), 'System', 'ข้าวโพดต้ม', 'TH', NULL, NULL, 3),
(NULL, NOW(), 'System', 'ข้าวต้ม (โจ๊ก)', 'TH', NULL, NULL, 4),
(NULL, NOW(), 'System', 'ก๋วยเตี๋ยวเส้นสด : เส้นใหญ่ (เส้นเล็ก เกี่ยมอี๋)', 'TH', NULL, NULL, 5),
(NULL, NOW(), 'System', 'Rice (rice stew)', 'EN', NULL, NULL, 1),
(NULL, NOW(), 'System', 'Shallots', 'EN', NULL, NULL, 2),
(NULL, NOW(), 'System', 'Corn boil', 'EN', NULL, NULL, 3),
(NULL, NOW(), 'System', 'Mush', 'EN', NULL, NULL, 4),
(NULL, NOW(), 'System', 'Noodle', 'EN', NULL, NULL, 5);


-- foodingredient
-- ข้าวเจ้า
INSERT INTO `foodingredient` (`percent`, `foodId`, `ingredientId`) VALUES 
(35.9, 1, 4),
(64.1, 1, 6);
-- ข้าวต้ม
INSERT INTO `foodingredient` (`percent`, `foodId`, `ingredientId`) VALUES 
(9.3, 4, 4),
(90.7, 4, 6);
-- ก๋วยเตี๋ยวเส้นสด
INSERT INTO `foodingredient` (`percent`, `foodId`, `ingredientId`) VALUES 
(41.8, 5, 4),
(58.2, 5, 6);
-- หอมแดง
INSERT INTO `foodingredient` (`percent`, `foodId`, `ingredientId`) VALUES 
(100, 2, 7);
-- foodingredient

-- foodrawmaterial
-- ข้าวโพดต้ม
INSERT INTO `foodrawmaterial` (`percent`, `quantity`, `weight`, `foodId`, `rawMaterialId`) VALUES 
(98, NULL, NULL, 3, 6),
(2, NULL, NULL, 3, 7);
-- foodrawmaterial

INSERT INTO bodyweight (id, ageGroup, boths, female, male) VALUES
(NULL, '0-3 ปี', 10, 10, 10),
(NULL, '3-6 ปี', 17, 17, 17),
(NULL, '6-9 ปี', 23, 23, 23),
(NULL, '9-16 ปี', 40, 40, 40),
(NULL, '16-19 ปี', 57, 50, 53),
(NULL, '19-35 ปี', 62, 55, 58),
(NULL, '35-65 ปี', 62, 59, 60),
(NULL, '65 ปีขึ้นไป', 57, 52, 55),
(NULL, 'เฉลี่ยสำหรับอายุ 3 ปีขึ้นไป', 55, 52, 54);

INSERT INTO `measuretype` (`id`, `createDate`, `createdBy`, `measureTypeName`, `updatedBy`, `updatedDate`) VALUES 
(NULL, NOW(), 'System', 'percapita', NULL, NULL),
(NULL, NOW(), 'System', 'eateronly', NULL, NULL);

INSERT INTO `valuetype` (`id`, `createDate`, `createdBy`, `updatedBy`, `updatedDate`, `valueTypeName`, `percentile`) VALUES 
(NULL, NOW(), 'System', NULL, NULL, 'average', 0),
(NULL, NOW(), 'System', NULL, NULL, 'percentile', 90),
(NULL, NOW(), 'System', NULL, NULL, 'percentile', 95),
(NULL, NOW(), 'System', NULL, NULL, 'percentile', 97.5);

-- Percapita
INSERT INTO `consumption3yeardown` (`id`, `createDate`, `createdBy`, `updatedBy`, `updatedDate`, `value`, `foodId`, `measureTypeId`, `valueTypeId`) VALUES 
(NULL, NOW(), 'System', NULL, NULL, 11, 1, 1, 1),
(NULL, NOW(), 'System', NULL, NULL, 22, 1, 1, 2),
(NULL, NOW(), 'System', NULL, NULL, 33, 1, 1, 3),
(NULL, NOW(), 'System', NULL, NULL, 44, 1, 1, 4);
-- Eater Only 
INSERT INTO `consumption3yeardown` (`id`, `createDate`, `createdBy`, `updatedBy`, `updatedDate`, `value`, `foodId`, `measureTypeId`, `valueTypeId`) VALUES 
(NULL, NOW(), 'System', NULL, NULL, 111, 1, 2, 1),
(NULL, NOW(), 'System', NULL, NULL, 222, 1, 2, 2),
(NULL, NOW(), 'System', NULL, NULL, 333, 1, 2, 3),
(NULL, NOW(), 'System', NULL, NULL, 444, 1, 2, 4);
--
-- Percapita
INSERT INTO `consumption3yeardown` (`id`, `createDate`, `createdBy`, `updatedBy`, `updatedDate`, `value`, `foodId`, `measureTypeId`, `valueTypeId`) VALUES 
(NULL, NOW(), 'System', NULL, NULL, 1, 4, 1, 1),
(NULL, NOW(), 'System', NULL, NULL, 2, 4, 1, 2),
(NULL, NOW(), 'System', NULL, NULL, 3, 4, 1, 3),
(NULL, NOW(), 'System', NULL, NULL, 4, 4, 1, 4);
-- Eater Only 
INSERT INTO `consumption3yeardown` (`id`, `createDate`, `createdBy`, `updatedBy`, `updatedDate`, `value`, `foodId`, `measureTypeId`, `valueTypeId`) VALUES 
(NULL, NOW(), 'System', NULL, NULL, 12, 4, 2, 1),
(NULL, NOW(), 'System', NULL, NULL, 23, 4, 2, 2),
(NULL, NOW(), 'System', NULL, NULL, 34, 4, 2, 3),
(NULL, NOW(), 'System', NULL, NULL, 45, 4, 2, 4);
--
-- Percapita
INSERT INTO `consumption3yeardown` (`id`, `createDate`, `createdBy`, `updatedBy`, `updatedDate`, `value`, `foodId`, `measureTypeId`, `valueTypeId`) VALUES 
(NULL, NOW(), 'System', NULL, NULL, 1, 2, 1, 1),
(NULL, NOW(), 'System', NULL, NULL, 2, 2, 1, 2),
(NULL, NOW(), 'System', NULL, NULL, 3, 2, 1, 3),
(NULL, NOW(), 'System', NULL, NULL, 4, 2, 1, 4);
-- Eater Only 
INSERT INTO `consumption3yeardown` (`id`, `createDate`, `createdBy`, `updatedBy`, `updatedDate`, `value`, `foodId`, `measureTypeId`, `valueTypeId`) VALUES 
(NULL, NOW(), 'System', NULL, NULL, 12, 2, 2, 1),
(NULL, NOW(), 'System', NULL, NULL, 23, 2, 2, 2),
(NULL, NOW(), 'System', NULL, NULL, 34, 2, 2, 3),
(NULL, NOW(), 'System', NULL, NULL, 45, 2, 2, 4);

-- average
INSERT INTO consumption3yearup
(id, createDate, createdBy, updatedBy, updatedDate, value3_6year, value6_9year, value9_16year, value16_19year, value19_35year, value35_65year, value65yearUp, average, foodId, measureTypeId, valueTypeId)
VALUES
(NULL, NOW(), 'System', NULL, NULL, 11, 264.47, 332.40, 362.63, 381.14, 382.79, 320.69, 362.62, 1, 1, 1),
(NULL, NOW(), 'System', NULL, NULL, 22, 720.00, 720.00, 1080.00, 1080.00, 1080.00, 720.00, 1080.00, 1, 2, 1);
-- 90
INSERT INTO consumption3yearup
(id, createDate, createdBy, updatedBy, updatedDate, value3_6year, value6_9year, value9_16year, value16_19year, value19_35year, value35_65year, value65yearUp, average, foodId, measureTypeId, valueTypeId)
VALUES
(NULL, NOW(), 'System', NULL, NULL, 140.00, 720.00, 720.00, 1080.00, 1080.00, 1080.00, 720.00, 1080.00, 1, 1, 2),
(NULL, NOW(), 'System', NULL, NULL, 440.00, 720.00, 720.00, 1080.00, 1080.00, 1080.00, 720.00, 1080.00, 1, 2, 2);
-- 95
INSERT INTO consumption3yearup
(id, createDate, createdBy, updatedBy, updatedDate, value3_6year, value6_9year, value9_16year, value16_19year, value19_35year, value35_65year, value65yearUp, average, foodId, measureTypeId, valueTypeId)
VALUES
(NULL, NOW(), 'System', NULL, NULL, 240.00, 720.00, 720.00, 1080.00, 1080.00, 1080.00, 720.00, 1080.00, 1, 1, 3),
(NULL, NOW(), 'System', NULL, NULL, 540.00, 720.00, 720.00, 1080.00, 1080.00, 1080.00, 720.00, 1080.00, 1, 2, 3);
-- 97.5
INSERT INTO consumption3yearup
(id, createDate, createdBy, updatedBy, updatedDate, value3_6year, value6_9year, value9_16year, value16_19year, value19_35year, value35_65year, value65yearUp, average, foodId, measureTypeId, valueTypeId)
VALUES
(NULL, NOW(), 'System', NULL, NULL, 340.00, 720.00, 720.00, 1080.00, 1080.00, 1080.00, 720.00, 1080.00, 1, 1, 4),
(NULL, NOW(), 'System', NULL, NULL, 640.00, 720.00, 720.00, 1080.00, 1080.00, 1080.00, 720.00, 1080.00, 1, 2, 4);

INSERT INTO `cooktype` (`id`, `cookTypeName`, `createDate`, `createdBy`, `updatedBy`, `updatedDate`) VALUES 
(NULL, 'ลวก', NOW(), 'System', NULL, NULL),
(NULL, 'นึ่ง', NOW(), 'System', NULL, NULL),
(NULL, 'ต้ม', NOW(), 'System', NULL, NULL);

INSERT INTO `foodcommodity` (`id`, `createDate`, `createdBy`, `mc`, `mcCooked`, `mcDried`, `mcFreshRaw`, `meanPercapita`, `oil`, `percent`, `scCooked`, `scDried`, `scFreshRaw`, `sd`, `sugar`, `updatedBy`, `updatedDate`, `foodId`, `cookTypeId`, `referenceId`, `ediblePortion`) VALUES 
(NULL, NOW(), 'System', NULL, NULL, NULL, 10.97, 219.59, NULL, NULL, NULL, NULL, 89.03, NULL, NULL, NULL, NULL, 1, 2, 3, NULL),
(NULL, NOW(), 'System', NULL, 66.20, NULL, NULL, NULL, NULL, NULL, 33.80, NULL, NULL, NULL, NULL, NULL, NULL, 1, 2, 3, NULL);

INSERT INTO `foodcommodity` (`id`, `createDate`, `createdBy`, `mc`, `mcCooked`, `mcDried`, `mcFreshRaw`, `meanPercapita`, `oil`, `percent`, `scCooked`, `scDried`, `scFreshRaw`, `sd`, `sugar`, `updatedBy`, `updatedDate`, `foodId`, `cookTypeId`, `referenceId`, `ediblePortion`) VALUES 
(NULL, NOW(), 'System', NULL, NULL, NULL, 91.21, 0.49, NULL, NULL, NULL, NULL, 8.79, NULL, NULL, NULL, NULL, 2, 2, 3, NULL),
(NULL, NOW(), 'System', NULL, 89.60, NULL, NULL, NULL, NULL, NULL, 10.40, NULL, NULL, NULL, NULL, NULL, NULL, 2, 2, 3, NULL),
(NULL, NOW(), 'System', NULL, NULL, 11.90, NULL, NULL, NULL, NULL, NULL, 88.1, NULL, NULL, NULL, NULL, NULL, 2, 2, 3, NULL),
(NULL, NOW(), 'System', NULL, NULL, NULL, NULL, NULL, NULL, NULL, NULL, NULL, NULL, NULL, NULL, NULL, NULL, 2, 2, 3, 91.5);


INSERT INTO `jobdescription` (`id`, `createDate`, `createdBy`, `name`, `updatedBy`, `updatedDate`) VALUES 
(NULL, NOW(), 'System', 'หน่วยงานภาครัฐ', NULL, NULL),
(NULL, NOW(), 'System','มหาวิทยาลัย', NULL, NULL),
(NULL, NOW(), 'System', 'นักศึกษา', NULL, NULL),
(NULL, NOW(), 'System','โรงงาน', NULL, NULL),
(NULL, NOW(), 'System', 'เอกชน/ตลาด/อื่น ๆ', NULL, NULL);

INSERT INTO `useraccount` (`id`, `createDate`, `createdBy`, `email`, `fax`, `firstName`, `isActive`, `isStaff`, `isSuperuser`, `lastName`, `lastlogin`, `organization`, `password`, `phone`, `position`, `title`, `updatedBy`, `updatedDate`, `username`, `workaddress`, `jobDescriptionId`) VALUES 
(NULL, NOW(), 'System', 'tentsut19@gmail.com', '', 'ธนารัตน์', '1', '0', '1', 'สุวรรณนันท์', NOW(), 'อื่น', '008cd8004262c0bf', '-', 'ผู้ดูแลระบบ', 'นาย', NULL, NULL, 'admin', '-', '5');

